prompt,completion,split
"<|im_start|>user
 Tell me about the Jeju island? <|im_end|>
<|im_start|>assistant
","As part of the UNESCO World Natural Heritage, Jeju is a naturally formed island. Every year, Jeju is the top tourist destination for Koreans due to the number of sights, activities, and cuisine. Korea's biggest island and independent province. a volcanic island in Korea's southernmost region that has been shaped by fire and water. an island with a strategic location that links the sea (Japan and Southeast Asia) with the land (China and Russia). An international resort island adorned with breathtaking landscape. With 73 kilometers of horizontal and 31 km of vertical distance, the island is shaped like an oval. The Ilju Road is 176 km long, and there are 551.78 km of shoreline. Even in the winter, temperatures in the temperate seldom drop below zero. and it is a butterfly and other insect paradise, a kingdom of Oreums (hills). Plants that are found in and around Hallasan Mountain are the polar region, temperate, and subtropical.<|im_end|>",train
"<|im_start|>user
 Tell me about the Jeju Weather and Enviroment? <|im_end|>
<|im_start|>assistant
","The most popular travel destination in Korea is Jeju, which has a warmer climate than mainland regions. However, the weather is unstable, with summer temperatures reaching highs of humidity and significant temperature variations between seasons.<|im_end|>",train
"<|im_start|>user
 Tell me about public transportation options on Jeju island? <|im_end|>
<|im_start|>assistant
","On the island, city buses are the main mode of transportation. There are no railways or subways, although taxis are easy to find. Most tourists opt to rent a vehicle. Visitors may hire a car with a navigation system to easily discover locations in Jeju at a reasonable price from a number of car rental companies that are conveniently located near Jeju International Airport and Jeju International Ferry Terminal. During the busiest months of July and August, rental car prices will rise significantly. When renting an automobile, foreign nationals must present their passport and international driver's license.<|im_end|>",train
"<|im_start|>user
 Tell me about the specialties on Jeju island? <|im_end|>
<|im_start|>assistant
","Jeju Island is known for its unique culinary offerings, including fresh seafood, black pork, etc. The food in Jeju is uniquely delicious thanks to its clean ocean and mountainous terrain. These are some specialities that tourists want to try:

1. Black Pork: When tourists pair the meat with ""mel-jeot,"" a salted anchovy that cuts through the grease and enhances the flavor of the pig, the meat tastes even better.

2. Horse Cuisine: The best food presented to the king in the past was cooked using horse meat. There are several recipes that employ horse meat, such as roast meat, sushi, raw horse meat, and more. Compared to beef, horse flesh is leaner.

3. Meat Noodles: Boil the meat and add the noodles when the liquid has stewed. Next, season to taste with chilli, chilli powder, pepper, and other ingredients. Because meat noodles are made with thick noodles and boiling meat, one dish can satisfy a person. It's an ideal soup for a hangover because of the fresh broth.

4. Haemul Ttukbaegi (Seafood Soup): Cooking haemul ttukbaegi involves using a variety of seafood, including crab, red-banded lobster, and small ""obunjagi"". Together with the deep tastes of the soybean paste broth, you can taste the fresh fish.

5. Saengseon Hoe (Sliced Raw Fish): Jeju is known for its raw fish dishes. Numerous types of raw fish, including as yellowtail, hairtail, mackerel, cuttlefish, and quality sawedged perch, are available in Jeju. It's not always necessary to dine at restaurants because market stores provide delicious cuisine at reasonable prices.<|im_end|>",train
"<|im_start|>user
 Tell me about the accommodations available on Jeju Island? <|im_end|>
<|im_start|>assistant
","Jeju Island has several different types of accommodation, including guest houses and hotels. For big family holidays, there are private pensions, relaxing pensions for friends, and resorts. Cozy and romantic hotels are also available for families and couples. When traveling with parents or kids, a hotel with a pool or a pool villa is an excellent option.

1. Hotels / Resorts: Being a popular vacation destination, Jeju has a large number of hotels. For more practical tourists, there are options ranging from business accommodations to 5-star hotels. Making a decision based on your favorite method of travel is made simple by the wide options. If you apply a discount website or receive a special offer, hotels might be among the most convenient and reasonably priced locations to stay.

2. Private Pension: Tourists in a private pension get the entire house to themselves. Most of these pensions are renovated old Jeju homes. The yard and marble gates will let visitors fully immerse themselves in the Jeju atmosphere. Although it may cost more than other forms of accommodation, it's ideal for those who value quiet.

3. Guest Houses: As travel trends have changed, so too have guest homes. More individual or two-person rooms are available than shared accommodations. Within a constrained location, these guest houses provide a semi-private area. Some are competitive because they provide hotel-style services like breakfast.

4. Pool Villa: <|im_end|>",train
"<|im_start|>user
 Tell me about tourist attractions in Jeju? <|im_end|>
<|im_start|>assistant
","Jeju Island is popular for its magnificent natural scenery, which includes South Korea's tallest peak, Hallasan Mountain, which has hiking paths that lead to sweeping views. A UNESCO World Heritage site, Seongsan Ilchulbong, often known as Sunrise Peak, is popular for its breathtaking sunrises. Along with the distinctive lava tubes like Manjanggul Cave, which highlight Jeju's volcanic beginnings, the island is also home to the beautiful beaches of Woljeongri and Hamdeok.

1. Manjanggul (Cave): This is the biggest known lava tube formed by volcanic activity in the globe. Visitors are struck by the magnificence of the environment, which is like to being within an underground palace. The extremely beautiful Stone Turtle, which is modeled by Jeju Island, is very well-liked.

2. Hallasan National Park: Reaching at 1,950 meters, Hallasan is the tallest peak in South Korea. It was formed by volcanic action and given the UNESCO Biosphere Reserve designation. Though there are five mountain climbing routes, only the Gwaneumsa and Seongpanak courses will take you to the top.

3. Seongsan Ilchulbong (Sunrise Peak): When an underwater volcano erupted in the midst of the ocean, this tuff cone was created. Its great significance for preservation led to its designation as a national monument. It was designated as a UNESCO Global Geopark Site in 2010 and a UNESCO World Natural Heritage Site in 2007.

4. Bijarim: In Bijarim, there are around 2,800 clusters of 500–800 year old nutmeg trees covering 450,000 ㎡. In South Korea, it is the biggest natural forest monument.
 As you go down the route through a dense canopy of trees that obscure the sky, your thoughts will instantly become calmer.

5. Woljeongri Beach: ""Where the moon stops"" is what ""Woljeongri"" means, and the beach offers a nostalgic background. Many individuals are engaged in water activities including kayaking, snorkeling, and surfing. There is a lovely beach where you may relax and breathe in the clean sea air.

6. Hamdeok Beach: In contrast to the emerald beach, Hamdeok Beach is renowned for its tall palm trees and white sand. Families love it because of the shallow water and crystal-clear seas. A stunning view of Hamdeok Beach may be viewed by climbing the nearby Seoubong.<|im_end|>",train
"<|im_start|>user
 Tell me about shopping list in Jeju island? <|im_end|>
<|im_start|>assistant
","Jeju Island has a wide range of unique and regional goods that are great as presents or souvenirs. The following is a list of things travelers may want to buy while they visit Jeju:

1. Jeju Mandarins: Mandarins are the representative fruit of Jeju Island. The fruit that most symbolizes Jeju Island is the mandarin orange. The taste is a great combination of sweet and sour. The sweet smell and taste of premium varieties like Hallabok and Cheonhyehyang have made them well-liked. Any visitor to Jeju must taste it.

2. Black Pork Jerky, Horse Meat Jerky: Jeju is also well-known for its horse and black pork meat. Their taste is rich and straightforward, which makes them a favorite choice for jerky. Ideal as a snack and goes nicely with beer.

3. Jeju Stationery: A well-liked product is stationery that draws inspiration from Jeju's landscape. A variety of goods using Jeju as the overarching subject include notepads, pens, calendars, postcards, and more.

4. Dolhareubang: In Jeju, there are sculptures known as dolhareubang, which are formed by cutting basalt stones. For Jeju, they act as the markers. They're cut and offered for sale as different souvenirs.<|im_end|>",train
"<|im_start|>user
 Tell me about the Jeju Global Taxi service? <|im_end|>
<|im_start|>assistant
","For tourists from overseas, Jeju Global Taxi has a service especially for them. The Jeju Special Self-Governing Province appoints the drivers of these taxis, who understand English. Drivers are ready to help with plans and give informed travel advice. The service allows for a secure and enjoyable exploration of the island.<|im_end|>",train
"<|im_start|>user
 Tell me about the main roads in Jeju? <|im_end|>
<|im_start|>assistant
","Jeju offers scenic drives throughout the island via a number of popular paths. Ilju Road surrounds the island, providing stunning views of the ocean. Other famous roads are the 1100 Road, which is well-known for its breathtaking views at 1,100 meters above sea level, and the 516 Road, which traverses Hallasan and offers views of mountains and forests.<|im_end|>",train
"<|im_start|>user
 Tell me about Jeju's no-visa system? <|im_end|>
<|im_start|>assistant
","For up to one month, tourists from 180 countries can travel to Jeju Island without a visa thanks to its no-visa system. This strategy promotes tourism and cross-cultural exchange by making Jeju a popular and easily accessible destination for visitors from across the world.<|im_end|>",train
"<|im_start|>user
 Tell me about the Jeju City Tour Bus? <|im_end|>
<|im_start|>assistant
","With a single ticket, visitors can get on and exit the Jeju City Tour Bus at several locations across the island, making it an enjoyable program. Travel throughout Jeju in a double-decker bus, making stops at all of the main tourist destinations, airports, terminals, traditional markets, and coastal roads.<|im_end|>",train
"<|im_start|>user
 Tell me about the best time to visit Jeju Island? <|im_end|>
<|im_start|>assistant
","Due to the beautiful weather and blossoming flowers like canola and cherry blossoms, spring is frequently regarded as the ideal season to visit Jeju. But every season has something different to offer, including the autumn's beautiful foliage, the summer's lush greenery, and the warm winters.<|im_end|>",train
"<|im_start|>user
 Tell me about the seasonal attractions in Jeju Island? <|im_end|>
<|im_start|>assistant
","The attractions of Jeju change with the seasons. Springtime brings wildflowers and cherry blossoms for the tourists to enjoy. Beach activities and colorful sceneries are features of summer. With its beautiful foliage, autumn is the best season for walking, while winter's cool temperatures make it possible to explore without the crowds.<|im_end|>",train
"<|im_start|>user
 Tell me about the Jeju travel itineraries? <|im_end|>
<|im_start|>assistant
","Whatever their choice of length of stay, travelers may select from a range of suggested itineraries, including 2 nights and 3 days, 3 nights and 4 days, or 4 nights and 5 days. Each itinerary offers a carefully planned combination of Jeju's top attractions, historic sites, and natural wonders, guaranteeing a wonderful vacation.<|im_end|>",train
"<|im_start|>user
 Tell me about the Korean culture experiences in Jeju? <|im_end|>
<|im_start|>assistant
","A taste of Jeju's unique culture may be experienced by visitors through a variety of cultural experiences, such walking the Olle trails, climbing Hallasan, taking part in mandarin picking in rural areas, or participating in marine sports like fishing and submarine trips.<|im_end|>",train
"<|im_start|>user
 Tell me about the important travel information for Jeju visitors? <|im_end|>
<|im_start|>assistant
","Visitors can find helpful information before to their visit by visiting the website of the Jeju Tourism Organization. Travel etiquette should be followed, such as avoiding smoking in non-designated locations, and basics like a passport and an international driver's license should be prepared.<|im_end|>",train
"<|im_start|>user
 Tell me about the Jeju festivals? <|im_end|>
<|im_start|>assistant
","Throughout the year, Jeju celebrates both its natural beauty and rich heritage of culture with a number of events. Visitors may enjoy local customs, food, and entertainment in a lively and joyful environment during these events.

1. January: Hallim Park Daffodil Festival, Seogwipo Winter Sea Penguin Swimming Festival.

2. February: Tamna Ipchungut Festival, Norimae Apricot Flower Festival, Jeju National Museum New Year's Day Festival, Jeju Mokgwana New Year Greeting Folk Festival, Hallim Park Apricot Flower Festival, Hueree Apricot Flower Festival.

3. March: Canola Flower International Walking Festival, Hallim Park Tulip Festival.

4. April: Hallasan Mountain Clean Bracken Festival, Jeju Seonunjeongsa Temple Bitmaru Festival, eju Rape Flower Festival, Jeju Cherry Blossom Festival.

5. May: Bangseonmun Festival, Dosaegi Festival, Bomok Coralfish Festival.

6. June: Gotjawal Firefly Festival, Yongyeon Seonsang Concert.

7. July: Iho Taewoo Festival, Samyang Black Sand Beach Festival, Donnaeko Valley Wonang Festival.

8. August: Jeju International Wind Ensemble Festival, Yerae Eco-Village Experience Festival.

9. September: Sanjicheon Festival, Jeju Haenyeo Festival, Seogwipo Chilsimni Festival.

10. October: Jeju Horse Festival, Jeju Fringe Festival, Tamna Cultural Festival.

11. November: Bangeo Festival, Jeju International Citrus Expo, Jeju Onggi Kiln Festival.

12. December: Hallim Park Chrysanthemum Festival, Jeju Winter Festival, Seongsan Ilchul Festival.
<|im_end|>",train
"<|im_start|>user
 What is Jeju Island known for? <|im_end|>
<|im_start|>assistant
","Jeju Island is renowned for its stunning natural beauty, which includes volcanic landscapes, lush green forests, and pristine beaches. It's a popular destination for both domestic and international tourists due to its unique geological features, such as lava tubes and craters, and its rich cultural heritage. Additionally, Jeju is famous for its distinct cuisine, including fresh seafood and tangerines, as well as its traditional practices like the Haenyeo female divers.<|im_end|>",train
"<|im_start|>user
 Where is Jeju Island located? <|im_end|>
<|im_start|>assistant
","Jeju Island is situated in the Korea Strait, southwest of the Korean Peninsula. It is the largest island in South Korea and is part of the Jeju Special Self-Governing Province. The island is approximately 130 kilometers from the southern coast of the mainland and is accessible by both air and sea.<|im_end|>",train
"<|im_start|>user
 What is the highest peak on Jeju Island? <|im_end|>
<|im_start|>assistant
","Hallasan Mountain, standing at 1,947 meters above sea level, is the highest peak on Jeju Island. It is a shield volcano that dominates the center of the island and is a popular destination for hikers and nature enthusiasts. Hallasan is also home to a diverse range of flora and fauna, and its crater lake, Baengnokdam, is a stunning sight to behold.<|im_end|>",train
"<|im_start|>user
 What are the famous beaches on Jeju Island? <|im_end|>
<|im_start|>assistant
","Jeju Island boasts several beautiful beaches, each with its own unique charm. Hyeopjae Beach is known for its white sand and clear, shallow waters, making it ideal for swimming and snorkeling. Jungmun Beach is famous for its large waves and is a popular spot for surfers. Hamdeok Beach, with its emerald waters and scenic views, is perfect for families and those looking to relax.<|im_end|>",train
"<|im_start|>user
 What is the Jeju Olle Trail? <|im_end|>
<|im_start|>assistant
","The Jeju Olle Trail is a network of 26 interconnected hiking paths that cover a total distance of over 425 kilometers around the island. These trails offer hikers the opportunity to explore Jeju's diverse landscapes, from coastal cliffs and volcanic craters to lush forests and rural villages. Each trail is well-marked and provides a unique perspective on the island's natural beauty and cultural heritage.<|im_end|>",train
"<|im_start|>user
 What is a unique cultural aspect of Jeju Island? <|im_end|>
<|im_start|>assistant
","One of the most unique cultural aspects of Jeju Island is the Haenyeo, or female divers. These women, often middle-aged or older, dive without any breathing apparatus to collect seafood such as abalone, sea urchins, and octopus. The Haenyeo tradition dates back centuries and is recognized as an Intangible Cultural Heritage by UNESCO. Their remarkable diving skills and resilience are a testament to the island's rich cultural history.<|im_end|>",train
"<|im_start|>user
 What type of climate does Jeju Island have? <|im_end|>
<|im_start|>assistant
","Jeju Island experiences a humid subtropical climate, characterized by hot, humid summers and mild winters. The island receives a significant amount of rainfall, particularly during the summer monsoon season. The temperate climate makes Jeju a year-round destination, with each season offering its own unique attractions, from cherry blossoms in spring to colorful foliage in autumn.<|im_end|>",train
"<|im_start|>user
 What is the main airport on Jeju Island? <|im_end|>
<|im_start|>assistant
","Jeju International Airport is the primary gateway to the island and is located in the northern part of Jeju City. It is the second busiest airport in South Korea, handling millions of passengers each year. The airport offers numerous domestic flights to major cities in South Korea and international flights to destinations in China, Japan, and Southeast Asia.<|im_end|>",train
"<|im_start|>user
 What is the Manjanggul Cave? <|im_end|>
<|im_start|>assistant
","Manjanggul Cave is one of the longest lava tubes in the world, stretching over 13 kilometers. Formed by volcanic activity thousands of years ago, the cave features impressive lava formations, including stalactites, stalagmites, and lava flow lines. Only a 1-kilometer section of the cave is open to the public, but it offers a fascinating glimpse into the island's volcanic past.<|im_end|>",train
"<|im_start|>user
 What is the Jeju Stone Park? <|im_end|>
<|im_start|>assistant
","Jeju Stone Park is a cultural and ecological park that celebrates the island's volcanic heritage and stone culture. The park features a variety of stone sculptures, traditional stone houses, and exhibits on the geological history of Jeju. Visitors can learn about the island's unique rock formations, including basalt columns and volcanic cones, and explore the beautifully landscaped gardens.<|im_end|>",train
"<|im_start|>user
 What is the main agricultural product of Jeju Island? <|im_end|>
<|im_start|>assistant
","Jeju Island is famous for its sweet and juicy tangerines, known locally as ""gamgyul."" These tangerines thrive in the island's volcanic soil and mild climate. The tangerine harvest season typically runs from November to January, and visitors can enjoy fresh tangerines at local markets or even participate in tangerine-picking activities at farms.<|im_end|>",train
"<|im_start|>user
 What is the Jeju Fire Festival? <|im_end|>
<|im_start|>assistant
",The Jeju Fire Festival is an annual event that celebrates the island's traditional agricultural practices and the welcoming of spring.<|im_end|>,train
"<|im_start|>user
 What is the Jeju Aerospace Museum? <|im_end|>
<|im_start|>assistant
",The Jeju Aerospace Museum is dedicated to the history and science of aviation and space exploration.<|im_end|>,train
